{"cameraMode":{"drawMode":0,"name":"Shaded","section":"Shading Mode"},"sceneLighting":false,"audioPlay":false,"sceneViewState":{"m_AlwaysRefresh":false,"showFog":true,"showSkybox":false,"showFlares":true,"showImageEffects":true,"showParticleSystems":true,"showVisualEffectGraphs":true,"m_FxEnabled":true},"in2DMode":false,"pivot":{"x":19.459999084472658,"y":7.074999809265137,"z":1.9200000762939454},"rotation":{"x":-0.13311506807804109,"y":0.8637743592262268,"z":-0.30196675658226015,"w":-0.38077443838119509},"size":3.168513298034668,"orthographic":false}