{"cameraMode":{"drawMode":0,"name":"Shaded","section":"Shading Mode"},"sceneLighting":true,"audioPlay":false,"sceneViewState":{"m_AlwaysRefresh":false,"showFog":true,"showSkybox":true,"showFlares":true,"showImageEffects":true,"showParticleSystems":true,"showVisualEffectGraphs":true,"m_FxEnabled":true},"in2DMode":false,"pivot":{"x":-20.336193084716798,"y":-0.5223234295845032,"z":22.300556182861329},"rotation":{"x":0.2011101245880127,"y":-0.053173262625932696,"z":0.01095082052052021,"w":0.9780138731002808},"size":12.12435531616211,"orthographic":false}